Order ID,Order Date,Ship Mode,Segment,Country,City,State,Category,Sub-Category,Sales,Quantity,Discount,Profit,Year,Month,Profit Margin
CA-2025-0001,2024-01-01,First Class,Consumer,United States,Los Angeles,California,Furniture,Bookcases,2500,5,0.1,400,2024,Jan,0.16
CA-2025-0002,2024-01-16,Second Class,Corporate,United States,New York,New York,Technology,Phones,4000,8,0.2,900,2024,Jan,0.225
CA-2025-0003,2024-01-31,Standard Class,Home Office,United States,Chicago,Illinois,Office Supplies,Binders,3000,6,0.15,500,2024,Jan,0.167
CA-2025-0004,2024-02-15,Same Day,Consumer,United States,Houston,Texas,Technology,Accessories,2000,3,0.3,-200,2024,Feb,-0.1
CA-2025-0005,2024-03-01,First Class,Corporate,United States,Phoenix,Arizona,Furniture,Tables,3500,7,0.05,700,2024,Mar,0.2
CA-2025-0006,2024-03-16,Second Class,Consumer,United States,Los Angeles,California,Furniture,Bookcases,1800,2,0.1,100,2024,Mar,0.056
CA-2025-0007,2024-03-31,Standard Class,Corporate,United States,New York,New York,Technology,Phones,2200,4,0.25,300,2024,Mar,0.136
CA-2025-0008,2024-04-15,Same Day,Home Office,United States,Chicago,Illinois,Office Supplies,Binders,4200,9,0.2,800,2024,Apr,0.19
CA-2025-0009,2024-04-30,First Class,Consumer,United States,Houston,Texas,Technology,Accessories,3100,5,0.05,450,2024,Apr,0.145
CA-2025-0010,2024-05-15,Second Class,Corporate,United States,Phoenix,Arizona,Furniture,Tables,2700,4,0.1,350,2024,May,0.13
CA-2025-0011,2024-05-30,Standard Class,Consumer,United States,Los Angeles,California,Furniture,Bookcases,5000,10,0.15,1200,2024,May,0.24
CA-2025-0012,2024-06-14,Same Day,Corporate,United States,New York,New York,Technology,Phones,3300,6,0.2,600,2024,Jun,0.182
CA-2025-0013,2024-06-29,First Class,Home Office,United States,Chicago,Illinois,Office Supplies,Binders,2800,5,0.1,400,2024,Jun,0.143
CA-2025-0014,2024-07-14,Second Class,Consumer,United States,Houston,Texas,Technology,Accessories,3700,7,0.05,650,2024,Jul,0.176
CA-2025-0015,2024-07-29,Standard Class,Corporate,United States,Phoenix,Arizona,Furniture,Tables,4600,9,0.25,950,2024,Jul,0.207
CA-2025-0016,2024-08-13,Same Day,Consumer,United States,Los Angeles,California,Furniture,Bookcases,2400,3,0.2,200,2024,Aug,0.083
CA-2025-0017,2024-08-28,First Class,Corporate,United States,New York,New York,Technology,Phones,1900,2,0.1,-100,2024,Aug,-0.053
CA-2025-0018,2024-09-12,Second Class,Home Office,United States,Chicago,Illinois,Office Supplies,Binders,4200,8,0.15,750,2024,Sep,0.179
CA-2025-0019,2024-09-27,Standard Class,Consumer,United States,Houston,Texas,Technology,Accessories,2900,4,0.05,300,2024,Sep,0.103
CA-2025-0020,2024-10-12,Same Day,Corporate,United States,Phoenix,Arizona,Furniture,Tables,3800,7,0.1,850,2024,Oct,0.224
